Date,Open,High,Low,Close,Volume,Dividends,Stock Splits,daily_return,cum_return,moving_average,upper_band,lower_band,Conversion,Baseline,SpanA,SpanB,Lagging
2021-08-25,12.5,15.140000343322754,11.5,12.0,338900,0,0,,,,,,,,,,13.460000038146973
2021-08-26,12.449999809265137,12.565999984741213,11.65999984741211,11.9399995803833,272700,0,0,-0.005000034968058231,0.9949999650319418,,,,,,,,13.489999771118164
2021-08-27,12.010000228881836,14.0,11.869999885559082,12.920000076293944,449600,0,0,0.08207709634435201,1.0766666730244954,,,,,,,,13.140000343322754
2021-08-30,12.9399995803833,12.98799991607666,12.25,12.479999542236328,445900,0,0,-0.03405576868880544,1.0399999618530273,,,,,,,,12.56999969482422
2021-08-31,13.0600004196167,13.324999809265137,12.15999984741211,12.489999771118164,585900,0,0,0.0008013004205642549,1.040833314259847,,,,,,,,12.739999771118164
2021-09-01,12.489999771118164,12.767000198364258,12.199999809265137,12.229999542236328,886100,0,0,-0.020816672029335015,1.0191666285196939,,,,,,,,12.739999771118164
2021-09-02,12.390000343322754,12.56999969482422,12.100000381469728,12.489999771118164,1013400,0,0,0.021259218202251295,1.040833314259847,,,,,,,,12.43000030517578
2021-09-03,12.5,14.932000160217283,12.28499984741211,14.0600004196167,829300,0,0,0.12570061467326843,1.1716667016347249,,,,,,,,11.989999771118164
2021-09-07,14.289999961853027,14.489999771118164,12.31999969482422,12.43000030517578,478400,0,0,-0.1159317258743977,1.0358333587646482,,,,13.320000171661377,,,,11.890000343322754
2021-09-08,12.25,12.960000038146973,12.199999809265137,12.479999542236328,190200,0,0,0.004022464668784309,1.0399999618530271,,,,13.296000003814697,,,,12.15999984741211
2021-09-09,12.670000076293944,13.149999618530272,12.359999656677246,12.43000030517578,243500,0,0,-0.00400634927039345,1.035833358764648,,,,13.401000022888184,,,,12.15999984741211
2021-09-10,12.65999984741211,12.65999984741211,12.199999809265137,12.4399995803833,195200,0,0,0.0008044468995995757,1.036666631698608,,,,13.516000270843506,,,,11.75
2021-09-13,12.359999656677246,12.614999771118164,11.9399995803833,12.4399995803833,173700,0,0,0.0,1.036666631698608,,,,13.435999870300293,,,,11.75
2021-09-14,12.649999618530272,13.010000228881836,12.4399995803833,12.75,274400,0,0,0.02491964871972674,1.0624999999999996,,,,13.435999870300293,,,,11.93000030517578
2021-09-15,12.6899995803833,13.329999923706056,12.6899995803833,13.06999969482422,658300,0,0,0.025098015280331065,1.0891666412353513,,,,13.435999870300293,,,,12.029999732971191
2021-09-16,13.279999732971191,13.949999809265137,12.899999618530272,13.68000030517578,751700,0,0,0.04667181519469521,1.1400000254313145,,,,13.435999870300293,,,,12.18000030517578
2021-09-17,13.789999961853027,13.989999771118164,13.369999885559082,13.699999809265137,647400,0,0,0.0014619520207022063,1.1416666507720943,,,,13.214999675750732,,,,11.989999771118164
2021-09-20,13.369999885559082,13.460000038146973,12.859999656677246,13.010000228881836,1058200,0,0,-0.05036493357588678,1.0841666857401526,,,,12.964999675750732,,,,12.029999732971191
2021-09-21,13.079999923706056,13.350000381469728,12.885000228881836,12.960000038146973,1020400,0,0,-0.003843212133376017,1.080000003178914,,,,12.964999675750732,,,,12.880000114440918
2021-09-22,12.90999984741211,13.239999771118164,12.779999732971191,13.0,461000,0,0,0.0030864168005624304,1.083333333333333,12.749999904632569,13.847379132664926,11.652620676600211,12.964999675750732,,,,12.979999542236328
2021-09-23,13.020000457763672,13.739999771118164,13.020000457763672,13.40999984741211,132800,0,0,0.031538449800931456,1.117499987284342,12.820499897003174,13.896829167847711,11.744170626158636,12.964999675750732,,,,13.130000114440918
2021-09-24,13.210000038146973,13.350000381469728,12.859999656677246,12.970000267028809,201400,0,0,-0.03281130390677911,1.0808333555857337,12.871999931335449,13.869759889221028,11.87423997344987,13.214999675750732,,,,13.75
2021-09-27,12.989999771118164,13.329999923706056,12.807000160217283,13.029999732971191,248000,0,0,0.004626018867162962,1.0858333110809324,12.877499914169311,13.877492017977128,11.877507810361495,13.339999675750732,,,,14.020000457763672
2021-09-28,12.8100004196167,12.93000030517578,12.760000228881836,12.829999923706056,115700,0,0,-0.01534917984373052,1.0691666603088377,12.894999933242797,13.87849102316577,11.911508843319824,13.375,,,,13.770000457763672
2021-09-29,12.770000457763672,12.989999771118164,12.529999732971191,12.600000381469728,102700,0,0,-0.017926698644117445,1.0500000317891436,12.900499963760376,13.875981244192587,11.925018683328165,13.259999752044678,,,,13.09000015258789
2021-09-30,12.350000381469728,13.140000343322754,12.239999771118164,13.020000457763672,574800,0,0,0.033333338379228916,1.0850000381469722,12.940000009536742,13.865874323310026,12.01412569576346,12.989999771118164,13.320000171661377,,,13.529999732971191
2021-10-01,13.0600004196167,13.970000267028809,13.0600004196167,13.460000038146973,568400,0,0,0.03379412940964488,1.1216666698455806,12.988500022888184,13.916648644485324,12.060351401291044,13.105000019073486,13.296000003814697,,,13.119999885559082
2021-10-04,13.260000228881836,13.829999923706056,13.220000267028809,13.489999771118164,356300,0,0,0.002228806306550535,1.12416664759318,12.959999990463256,13.782733216570941,12.137266764355571,13.105000019073486,13.401000022888184,,,12.449999809265137
2021-10-05,13.489999771118164,13.520000457763672,13.020000457763672,13.140000343322754,570300,0,0,-0.025945102574779333,1.095000028610229,12.995499992370606,13.783884279398622,12.20711570534259,13.105000019073486,13.435999870300293,,,12.350000381469728
2021-10-06,13.010000228881836,13.039999961853027,12.350000381469728,12.56999969482422,270400,0,0,-0.04337904365338818,1.0474999745686846,13.0,13.777395927346436,12.222604072653564,13.105000019073486,13.435999870300293,,,10.18000030517578
2021-10-07,12.56999969482422,12.81999969482422,12.529999732971191,12.739999771118164,593900,0,0,0.01352427051879257,1.0616666475931797,13.01549997329712,13.758029200740939,12.2729707458533,13.105000019073486,13.435999870300293,,,10.68000030517578
2021-10-08,12.760000228881836,12.9399995803833,12.43000030517578,12.739999771118164,89300,0,0,0.0,1.0616666475931797,13.030499982833863,13.736772421962907,12.324227543704819,13.105000019073486,13.435999870300293,,,10.989999771118164
2021-10-11,12.59000015258789,12.75,12.329999923706056,12.43000030517578,158200,0,0,-0.02433276856449873,1.0358333587646478,13.030000019073487,13.737974347513733,12.322025690633241,13.105000019073486,13.435999870300293,,,10.899999618530272
2021-10-12,12.329999923706056,12.385000228881836,11.899999618530272,11.989999771118164,396400,0,0,-0.035398272184627544,0.9991666475931799,12.992000007629395,13.82759859327465,12.156401421984139,12.934999942779541,13.194999694824219,,,10.899999618530272
2021-10-13,11.899999618530272,12.0,11.4399995803833,11.890000343322754,208200,0,0,-0.008340236005366042,0.9908333619435623,12.93300004005432,13.896565308088343,11.969434772020298,12.704999923706055,12.714999675750732,,,10.029999732971191
2021-10-14,11.779999732971191,12.31999969482422,11.69499969482422,12.15999984741211,435100,0,0,0.0227081157521567,1.0133333206176753,12.857000017166138,13.81255827903437,11.901441755297906,12.634999752044678,12.714999675750732,,,10.09000015258789
2021-10-15,12.199999809265137,12.390000343322754,12.130000114440918,12.15999984741211,286300,0,0,0.0,1.0133333206176753,12.780000019073487,13.6985073966579,11.861492641489074,12.480000019073486,12.714999675750732,,,9.81999969482422
2021-10-18,12.100000381469728,12.149999618530272,11.539999961853027,11.75,587100,0,0,-0.033717093137905385,0.9791666666666662,12.717000007629395,13.732585048051554,11.701414967207235,12.239999771118164,12.714999675750732,,,9.369999885559082
2021-10-19,11.710000038146973,12.0,11.484999656677246,11.75,322900,0,0,0.0,0.9791666666666662,12.656500005722046,13.74908307326696,11.563916938177133,12.1899995803833,12.714999675750732,,,9.850000381469728
2021-10-20,11.779999732971191,12.1899995803833,11.649999618530272,11.93000030517578,150700,0,0,0.015319174908577038,0.9941666920979811,12.603000020980835,13.727732260537657,11.478267781424012,12.1899995803833,12.714999675750732,,,9.34000015258789
2021-10-21,11.970000267028809,12.119999885559082,11.890000343322754,12.029999732971191,458800,0,0,0.008382181495169672,1.002499977747599,12.534000015258789,13.620498622876331,11.447501407641246,12.09499979019165,12.714999675750732,,,9.880000114440918
2021-10-22,12.0,12.289999961853027,11.90999984741211,12.18000030517578,223000,0,0,0.012468875771748822,1.0150000254313147,12.494500017166137,13.572030519027484,11.41696951530479,11.914999961853027,12.714999675750732,,,10.529999732971191
2021-10-25,12.140000343322754,12.3100004196167,11.970000267028809,11.989999771118164,94900,0,0,-0.015599386641794832,0.9991666475931801,12.442500019073487,13.511901299983652,11.373098738163321,11.914999961853027,12.704999923706055,,,10.81999969482422
2021-10-26,12.100000381469728,12.18000030517578,11.81999969482422,12.029999732971191,128700,0,0,0.00333611030997516,1.002499977747599,12.402500009536743,13.470766308504553,11.334233710568933,11.9375,12.704999923706055,,,10.140000343322754
2021-10-27,12.270000457763672,13.050000190734863,12.039999961853027,12.880000114440918,434900,0,0,0.07065672488255248,1.073333342870076,12.416499996185303,13.502139948178247,11.33086004419236,12.267499923706055,12.704999923706055,,,9.81999969482422
2021-10-28,12.880000114440918,13.59000015258789,12.864999771118164,12.979999542236328,407600,0,0,0.007763930660473539,1.0816666285196934,12.414499950408935,13.495776746029858,11.333223154788012,12.537499904632568,12.704999923706055,,,10.170000076293944
2021-10-29,12.979999542236328,13.25,12.600000381469728,13.130000114440918,340700,0,0,0.01155628486091187,1.0941666762034092,12.397999954223632,13.422968358174286,11.373031550272978,12.537499904632568,12.704999923706055,,,10.979999542236328
2021-11-01,13.170000076293944,13.859999656677246,13.130000114440918,13.75,480800,0,0,0.047220097498489766,1.1458333333333328,12.410999965667724,13.496521136586876,11.325478794748571,12.75499963760376,12.704999923706055,,,11.15999984741211
2021-11-02,13.829999923706056,14.289999961853027,13.75,14.020000457763672,521000,0,0,0.01963639692826713,1.1683333714803055,12.454999971389771,13.714571467432625,11.195428475346917,13.054999828338623,12.864999771118164,,,11.109999656677246
2021-11-03,14.0600004196167,14.739999771118164,13.498000144958496,13.770000457763672,870500,0,0,-0.017831668462005013,1.1475000381469722,12.515000009536744,13.900250925928486,11.129749093145001,13.279999732971191,13.089999675750732,,,11.130000114440918
2021-11-04,13.75,13.770000457763672,12.300000190734863,13.09000015258789,1309800,0,0,-0.0493827365700914,1.0908333460489905,12.53250002861023,13.937596038043187,11.127404019177272,13.279999732971191,13.089999675750732,,,11.31999969482422
2021-11-05,13.380000114440918,13.609999656677246,12.720000267028809,13.529999732971191,1161200,0,0,0.03361341293004583,1.127499977747599,12.57200002670288,14.041850238675378,11.102149814730383,13.279999732971191,13.089999675750732,13.15499997138977,,11.4399995803833
2021-11-08,13.93000030517578,14.479999542236328,12.420000076293944,13.119999885559082,2846000,0,0,-0.03030301962334725,1.0933333237965899,12.606500005722046,14.093876177018174,11.119123834425917,13.389999866485596,13.089999675750732,13.200500011444092,,11.4399995803833
2021-11-09,13.15999984741211,13.489999771118164,12.220000267028809,12.449999809265137,345100,0,0,-0.05106707943125832,1.0374999841054278,12.629500007629394,14.091777043914481,11.167222971344307,13.480000019073486,13.089999675750732,13.253000020980835,,10.9399995803833
2021-11-10,12.4399995803833,13.010000228881836,12.270000457763672,12.350000381469728,355700,0,0,-0.008032082676900143,1.0291666984558103,12.652500009536743,14.08125496756763,11.223745051505855,13.480000019073486,13.089999675750732,13.27049994468689,,10.140000343322754
2021-11-11,11.899999618530272,11.90999984741211,9.9399995803833,10.18000030517578,3113400,0,0,-0.17570850277461325,0.848333358764648,12.553500032424926,14.339193450420856,10.767806614428997,12.339999675750732,12.339999675750732,13.27049994468689,,9.380000114440918
2021-11-12,10.609999656677246,11.18000030517578,10.59000015258789,10.68000030517578,851200,0,0,0.04911591208359667,0.8900000254313147,12.47950005531311,14.440350637092255,10.518649473533966,12.339999675750732,12.339999675750732,13.27049994468689,,9.949999809265137
2021-11-15,10.729999542236328,11.100000381469728,10.710000038146973,10.989999771118164,413100,0,0,0.02902616639366129,0.9158333142598468,12.441500043869018,14.486023543221977,10.39697654451606,12.339999675750732,12.339999675750732,13.27049994468689,,9.739999771118164
2021-11-16,11.119999885559082,11.31999969482422,10.5600004196167,10.899999618530272,640800,0,0,-0.008189277021134589,0.9083333015441891,12.399000024795532,14.533604958151576,10.264395091439487,12.209999561309814,12.339999675750732,13.27049994468689,,10.100000381469728
2021-11-17,10.710000038146973,11.15999984741211,10.699999809265137,10.899999618530272,693200,0,0,0.0,0.9083333015441891,12.347499990463257,14.573631055057621,10.121368925868893,12.209999561309814,12.339999675750732,13.06499981880188,,10.199999809265137
2021-11-18,10.880000114440918,10.939000129699709,9.93000030517578,10.029999732971191,1003500,0,0,-0.07981650605565693,0.8358333110809325,12.247499990463258,14.693059304113149,9.801940676813366,12.204999923706055,12.335000038146973,12.709999799728394,,9.550000190734863
2021-11-19,10.0,10.18000030517578,9.739999771118164,10.09000015258789,1231900,0,0,0.005982095833907408,0.8408333460489907,12.142999982833862,14.765371547901772,9.520628417765952,11.614999771118164,12.239999771118164,12.674999713897705,,9.56999969482422
2021-11-22,10.279999732971191,10.350000381469728,9.729999542236328,9.81999969482422,685100,0,0,-0.026759212455950254,0.8183333079020183,12.034499979019165,14.847963368810214,9.221036589228115,11.369999885559082,12.234999656677246,12.59749984741211,,9.850000381469728
2021-11-23,9.600000381469728,9.68000030517578,8.8100004196167,9.369999885559082,520100,0,0,-0.04582482925150366,0.7808333237965901,11.90149998664856,14.947726836072869,8.85527313722425,10.360000133514404,11.775000095367432,12.477499723434448,,9.68000030517578
2021-11-24,9.329999923706056,10.0600004196167,9.149999618530272,9.850000381469728,481100,0,0,0.05122737478902395,0.8208333651224773,11.75,14.887521312184203,8.612478687815797,10.065000057220459,11.775000095367432,12.452499628067017,,9.579999923706056
2021-11-26,9.550000190734863,9.890000343322754,9.229999542236328,9.34000015258789,193700,0,0,-0.051776670977726424,0.7783333460489908,11.568000030517577,14.820466456655199,8.315533604379956,10.065000057220459,11.775000095367432,12.452499628067017,,9.15999984741211
2021-11-29,9.350000381469728,10.010000228881836,9.204999923706056,9.880000114440918,1014700,0,0,0.05781584079561353,0.8233333428700764,11.405500030517578,14.654277187624839,8.156722873410317,10.065000057220459,11.775000095367432,12.404999732971191,,8.149999618530273
2021-11-30,10.220000267028809,10.59000015258789,10.029999732971191,10.529999732971191,2143900,0,0,0.06578943431186945,0.8774999777475992,11.244500017166137,14.325626671793021,8.163373362539254,9.985000133514404,11.775000095367432,12.31499981880188,,8.1899995803833
2021-12-01,10.56999969482422,11.0,10.489999771118164,10.81999969482422,813900,0,0,0.027540357949392025,0.9016666412353517,11.084499979019165,13.889621743643428,8.279378214394903,9.90500020980835,11.775000095367432,12.309999942779541,,7.659999847412109
2021-12-02,10.81999969482422,10.880000114440918,9.989999771118164,10.140000343322754,567900,0,0,-0.06284652224405762,0.8450000286102294,10.902999973297119,13.444199064605854,8.361800881988383,9.90500020980835,11.775000095367432,12.321249961853027,,7.25
2021-12-03,10.06999969482422,10.1899995803833,9.510000228881836,9.81999969482422,465000,0,0,-0.03155824829032239,0.8183333079020182,10.739499950408936,13.110084896889777,8.368915003928095,9.90500020980835,11.775000095367432,12.486249923706055,,8.130000114440918
2021-12-06,9.880000114440918,10.43000030517578,9.5600004196167,10.170000076293944,966400,0,0,0.03564158781534332,0.8475000063578284,10.571499967575074,12.57067235517294,8.572327579977207,9.90500020980835,11.775000095367432,12.621249914169312,,8.1899995803833
2021-12-07,10.239999771118164,11.140000343322754,10.239999771118164,10.979999542236328,972500,0,0,0.07964596458858209,0.9149999618530271,10.464499950408936,12.098801618820087,8.830198281997784,10.144999980926514,11.775000095367432,12.621249914169312,,7.949999809265137
2021-12-08,10.979999542236328,11.59000015258789,10.960000038146973,11.15999984741211,644100,0,0,0.016393471100192736,0.9299999872843422,10.399999952316284,11.798158949255688,9.00184095537688,10.397500038146973,11.775000095367432,12.729999780654907,,7.889999866485596
2021-12-09,11.130000114440918,11.279999732971191,10.9399995803833,11.109999656677246,584900,0,0,-0.004480303890546877,0.9258333047231037,10.33799991607666,11.466007918055926,9.209991914097394,10.397500038146973,11.775000095367432,12.959999799728394,,7.5
2021-12-10,11.109999656677246,11.59000015258789,11.050000190734863,11.130000114440918,653800,0,0,0.0018002212764831604,0.9275000095367429,10.385499906539916,11.562384380302268,9.208615432777565,10.550000190734863,11.644999980926514,13.184999704360962,,7.480000019073486
2021-12-13,11.170000076293944,11.5600004196167,10.829999923706056,11.31999969482422,521000,0,0,0.0170709414581931,0.9433333079020182,10.417499876022339,11.658447198434457,9.17655255361022,10.550000190734863,11.644999980926514,13.184999704360962,,7.579999923706055
2021-12-14,11.15999984741211,11.529999732971191,11.038999557495115,11.4399995803833,542200,0,0,0.010600696889943029,0.9533332983652748,10.439999866485596,11.737314202758414,9.142685530212779,10.550000190734863,11.644999980926514,13.184999704360962,13.289999961853027,7.110000133514404
2021-12-15,11.479999542236328,11.9399995803833,11.350000381469728,11.4399995803833,1699400,0,0,0.0,0.9533332983652748,10.466999864578247,11.823275159815646,9.110724569340848,10.724999904632568,11.150000095367432,13.239999771118164,13.185999870300293,7.010000228881836
2021-12-16,11.43000030517578,11.850000381469728,10.9399995803833,10.9399995803833,1638700,0,0,-0.04370629530943104,0.9116666316986082,10.468999862670898,11.827967793342658,9.110031931999139,10.75,10.910000324249268,13.28499984741211,13.185999870300293,7.010000228881836
2021-12-17,11.0,11.020000457763672,9.989999771118164,10.140000343322754,5901800,0,0,-0.07312607566229157,0.8450000286102293,10.474499893188476,11.827123439079049,9.121876347297903,10.964999675750732,10.375,13.28499984741211,13.185999870300293,7.420000076293945
2021-12-20,9.994999885559082,10.079999923706056,9.34000015258789,9.380000114440918,958800,0,0,-0.0749507103697783,0.7816666762034096,10.438999891281128,11.866168892308849,9.011830890253407,10.639999866485596,10.375,12.339999675750732,12.435999870300293,6.920000076293945
2021-12-21,9.609999656677246,10.31999969482422,9.420000076293944,9.949999809265137,647500,0,0,0.06076755734220929,0.8291666507720944,10.445499897003174,11.862368663806093,9.028631130200255,10.639999866485596,10.375,12.339999675750732,12.435999870300293,6.989999771118164
2021-12-22,9.84000015258789,10.109999656677246,9.649999618530272,9.739999771118164,203400,0,0,-0.021105531876636552,0.81166664759318,10.463999891281128,11.832537924992,9.095461857570257,10.639999866485596,10.375,12.339999675750732,12.435999870300293,7.679999828338623
2021-12-23,9.829999923706056,10.140000343322754,9.800000190734863,10.100000381469728,209400,0,0,0.03696104915926868,0.8416666984558103,10.476499891281128,11.826621823125675,9.12637795943658,10.639999866485596,10.375,12.274999618530273,12.435999870300293,7.860000133514404
2021-12-27,10.09000015258789,10.600000381469728,9.949999809265137,10.199999809265137,262300,0,0,0.009900933071138818,0.8499999841054277,10.51949987411499,11.77235892233621,9.26664082589377,10.639999866485596,10.375,12.274999618530273,12.339999675750732,7.760000228881836
2021-12-28,10.09000015258789,10.109999656677246,9.524999618530272,9.550000190734863,508100,0,0,-0.06372545398871954,0.7958333492279048,10.502999877929687,11.79756982829766,9.208429927561713,10.639999866485596,10.375,12.269999980926514,12.335000038146973,7.670000076293945
2021-12-29,9.550000190734863,9.760000228881836,9.220000267028809,9.56999969482422,518700,0,0,0.0020941888680547915,0.7974999745686847,10.454999876022338,11.812368968054882,9.097630783989795,10.535000324249268,10.375,11.927499771118164,12.239999771118164,7.940000057220459
2021-12-30,9.529999732971191,10.079999923706056,9.520000457763672,9.850000381469728,414000,0,0,0.02925817090641525,0.8208333651224771,10.406499910354615,11.777633920669967,9.035365900039263,10.12000036239624,10.375,11.802499771118164,12.234999656677246,8.050000190734863
2021-12-31,9.779999732971191,9.960000038146973,9.619999885559082,9.68000030517578,207900,0,0,-0.017258890325909104,0.8066666920979814,10.383499908447266,11.787147067713137,8.979852749181395,9.910000324249268,10.544999599456787,11.067500114440918,11.775000095367432,8.430000305175781
2022-01-03,9.699999809265137,9.829999923706056,9.4399995803833,9.579999923706056,390000,0,0,-0.010330617594738523,0.7983333269755044,10.371499919891358,11.798376688232718,8.944623151549997,9.910000324249268,10.572499752044678,10.920000076293945,11.775000095367432,9.0
2022-01-04,9.5600004196167,9.600000381469728,8.930000305175781,9.15999984741211,738800,0,0,-0.043841344429934925,0.7633333206176754,10.320999908447266,11.842254438459893,8.79974537843464,9.765000343322754,10.434999942779541,10.920000076293945,11.775000095367432,9.199999809265137
2022-01-05,9.170000076293944,9.199999809265137,8.140000343322754,8.149999618530273,1111500,0,0,-0.11026203555747682,0.6791666348775225,10.179499912261964,11.93973018358609,8.419269640937838,9.37000036239624,10.039999961853027,10.920000076293945,11.775000095367432,8.680000305175781
2022-01-06,8.079999923706055,8.270000457763672,7.380000114440918,8.1899995803833,2179400,0,0,0.004907971009235457,0.6824999650319413,10.030999898910522,11.932352967074399,8.129646830746646,8.990000247955322,9.65999984741211,10.880000114440918,11.775000095367432,8.710000038146973
2022-01-07,8.210000038146973,8.25,7.489999771118164,7.659999847412109,2521800,0,0,-0.0647130354244031,0.6383333206176754,9.858499908447266,11.955177043263884,7.761822773630648,8.744999885559082,9.65999984741211,10.84000015258789,11.775000095367432,8.949999809265137
2022-01-10,7.519999980926514,7.559999942779541,7.105000019073486,7.25,821000,0,0,-0.05352478532367411,0.6041666666666663,9.66449990272522,11.965093904645478,7.363905900804962,8.59249997138977,9.522499799728394,10.84000015258789,11.775000095367432,8.520000457763672
2022-01-11,7.369999885559082,8.239999771118164,7.300000190734863,8.130000114440918,1324900,0,0,0.12137932612978175,0.6775000095367427,9.504999923706055,11.765932179753612,7.244067667658499,8.59249997138977,9.522499799728394,10.84000015258789,11.775000095367432,8.180000305175781
2022-01-12,8.199999809265137,8.779999732971191,8.135000228881836,8.1899995803833,1082900,0,0,0.007380008007110472,0.6824999650319413,9.342499923706054,11.486706539771477,7.198293307640631,8.53250002861023,9.522499799728394,10.84000015258789,11.775000095367432,7.460000038146973
2022-01-13,8.25,8.34000015258789,7.690000057220459,7.949999809265137,805600,0,0,-0.029304002858927092,0.6624999841054277,9.167999935150146,11.16224437684348,7.173755493456811,8.46749997138977,9.522499799728394,10.960000038146973,11.775000095367432,6.869999885559082
2022-01-14,7.800000190734863,8.119999885559082,7.75,7.889999866485596,1131400,0,0,-0.007547162794848794,0.6574999888737992,9.015499949455261,10.907147099855619,7.1238527990549025,8.352500200271606,9.522499799728394,11.086250066757202,11.775000095367432,6.590000152587891
2022-01-18,7.650000095367432,7.744999885559082,7.130000114440918,7.5,1075100,0,0,-0.04942964170914632,0.6249999999999997,8.883499932289123,10.811342713156247,6.955657151421999,8.152499914169312,9.522499799728394,11.086250066757202,11.775000095367432,6.800000190734863
2022-01-19,7.579999923706055,7.71999979019165,7.150000095367432,7.480000019073486,643000,0,0,-0.002666664123535112,0.6233333349227902,8.788499927520752,10.795616171850504,6.781383683191,7.942499876022339,9.522499799728394,11.097500085830688,11.775000095367432,6.420000076293945
2022-01-20,7.590000152587891,8.010000228881836,7.539999961853027,7.579999923706055,755000,0,0,0.013368971173472577,0.6316666603088376,8.669999933242797,10.668562832898528,6.671437033587066,7.942499876022339,9.522499799728394,11.097500085830688,11.775000095367432,6.449999809265137
2022-01-21,7.71999979019165,7.829999923706055,7.050000190734863,7.110000133514404,1144300,0,0,-0.0620052499897461,0.5925000111262001,8.53849995136261,10.584200071901536,6.492799830823683,7.914999961853027,9.494999885559082,11.097500085830688,11.775000095367432,6.400000095367432
2022-01-24,6.860000133514404,7.019999980926514,6.599999904632568,7.010000228881836,1123000,0,0,-0.014064683931748312,0.5841666857401527,8.383999943733215,10.400865086524222,6.367134800942209,7.68999981880188,9.225000143051147,10.9375,11.775000095367432,6.360000133514404
2022-01-25,6.769999980926514,7.159999847412109,6.769999980926514,7.010000228881836,669000,0,0,0.0,0.5841666857401527,8.22449996471405,10.142777015173774,6.306222914254327,7.68999981880188,8.81000018119812,10.830000162124634,11.775000095367432,6.119999885559082
2022-01-26,7.170000076293945,7.679999828338623,7.090000152587891,7.420000076293945,998200,0,0,0.058487850788202955,0.6183333396911619,8.117999958992005,9.964495364931269,6.271504553052742,7.4700000286102295,8.600000143051147,10.669999837875366,11.775000095367432,5.800000190734863
2022-01-27,7.460000038146973,7.670000076293945,6.809999942779541,6.920000076293945,1351000,0,0,-0.0673854440510645,0.5766666730244953,7.985499978065491,9.775041229110474,6.195958727020508,7.359999895095825,8.600000143051147,10.507499933242798,11.775000095367432,5.869999885559082
2022-01-28,6.960000038146973,6.989999771118164,6.53000020980835,6.989999771118164,967500,0,0,0.010115562724344329,0.5824999809265134,7.842499947547912,9.460293690761086,6.224706204334739,7.270000219345093,8.565000295639038,10.507499933242798,11.775000095367432,5.789999961853027
2022-01-31,6.960000038146973,7.679999828338623,6.593999862670898,7.679999828338623,653600,0,0,0.09871245777023563,0.6399999856948849,7.742499923706054,9.120717499714207,6.364282347697902,7.270000219345093,8.565000295639038,10.507499933242798,11.775000095367432,6.449999809265137
2022-02-01,7.739999771118164,7.985000133514404,7.539999961853027,7.860000133514404,539200,0,0,0.02343754026029976,0.6550000111262001,7.656499934196472,8.747230658493383,6.565769209899562,7.270000219345093,8.565000295639038,10.507499933242798,11.775000095367432,6.329999923706055
2022-02-02,7.96999979019165,7.980000019073486,7.630000114440918,7.760000228881836,414500,0,0,-0.012722633961057661,0.6466666857401527,7.586499953269959,8.43207262460258,6.7409272819373385,7.257500171661377,8.319999933242798,10.507499933242798,11.775000095367432,6.199999809265137
2022-02-03,7.46999979019165,7.800000190734863,7.46999979019165,7.670000076293945,605500,0,0,-0.01159795746563519,0.6391666730244951,7.562499976158142,8.368646390709047,6.756353561607235,7.257500171661377,8.305000066757202,10.507499933242798,11.775000095367432,6.010000228881836
2022-02-04,7.599999904632568,7.949999809265137,7.519999980926514,7.940000057220459,343900,0,0,0.03520208321262164,0.661666671435038,7.55,8.323589173616407,6.776410826383593,7.257500171661377,8.305000066757202,10.455000162124634,11.775000095367432,6.230000019073486
2022-02-07,8.0,8.3100004196167,7.829999923706055,8.050000190734863,323200,0,0,0.013853920997692226,0.6708333492279049,7.5695000171661375,8.372621102073847,6.766378932258427,7.420000314712524,8.245000123977661,10.24750018119812,11.775000095367432,6.369999885559082
2022-02-08,8.09000015258789,8.4399995803833,8.039999961853027,8.430000305175781,599600,0,0,0.04720498204189849,0.7025000254313148,7.628500032424927,8.500280310244577,6.7567197546052755,7.484999895095825,8.180000066757202,10.227499961853027,11.775000095367432,6.639999866485596
2022-02-09,8.569999694824219,9.050000190734863,8.529999732971191,9.0,723500,0,0,0.06761561971406516,0.7499999999999998,7.6720000267028805,8.712105179475612,6.631894873930149,7.7900002002716064,8.065000295639038,10.241250038146973,11.775000095367432,7.010000228881836
2022-02-10,8.720000267028809,9.710000038146973,8.720000267028809,9.199999809265137,1463300,0,0,0.02222220102945971,0.7666666507720945,7.722500038146973,8.942878040641082,6.502122035652864,8.151999950408936,8.120000123977661,10.100000143051147,11.775000095367432,7.190000057220459
2022-02-11,9.109999656677246,9.170000076293944,8.550000190734863,8.680000305175781,531900,0,0,-0.056521686398914306,0.7233333587646482,7.759000062942505,9.0469593991733,6.471040726711709,8.589999914169312,8.120000123977661,9.705000162124634,11.440000057220459,6.96999979019165
2022-02-14,8.8100004196167,9.119999885559082,8.670000076293945,8.710000038146973,348700,0,0,0.0034561903129546323,0.7258333365122476,7.800000071525574,9.153304260662619,6.4466958823885285,8.589999914169312,8.120000123977661,9.325000047683716,11.059999942779541,6.429999828338623
2022-02-15,8.880000114440918,9.0,8.729999542236328,8.949999809265137,327400,0,0,0.027554508618489404,0.7458333174387612,7.872500061988831,9.307552486531213,6.437447637446448,8.589999914169312,8.120000123977661,9.202499866485596,11.059999942779541,6.300000190734863
2022-02-16,8.9399995803833,9.06999969482422,8.399999618530273,8.520000457763672,803000,0,0,-0.04804462130337983,0.7100000381469724,7.9245000839233395,9.37434896931138,6.474651198535298,8.615000009536743,8.120000123977661,9.057499885559082,10.922499895095825,5.510000228881836
2022-02-17,8.40999984741211,8.800000190734863,8.111000061035156,8.180000305175781,727900,0,0,-0.03990611905168062,0.6816666920979816,7.9545001029968265,9.399361846539112,6.5096383594545415,8.769999980926514,8.120000123977661,9.057499885559082,10.922499895095825,5.789999961853027
2022-02-18,8.180000305175781,8.229999542236328,7.401999950408935,7.460000038146973,992300,0,0,-0.08801958926251363,0.6216666698455809,7.972000098228454,9.383251661433233,6.560748535023675,8.555999994277954,8.120000123977661,9.027499914169312,10.922499895095825,5.929999828338623
2022-02-22,7.269999980926514,7.355000019073486,6.75,6.869999885559082,1325000,0,0,-0.079088491899585,0.5724999904632567,7.965000081062317,9.396732473621906,6.533267688502726,8.230000019073486,8.120000123977661,8.994999885559082,10.922499895095825,5.510000228881836
2022-02-23,6.960000038146973,7.054999828338623,6.550000190734863,6.590000152587891,900900,0,0,-0.040756875929468084,0.5491666793823241,7.94400007724762,9.442645121399666,6.445355033095574,8.130000114440918,8.120000123977661,8.9375,10.922499895095825,5.059999942779541
2022-02-24,6.25,6.840000152587891,6.199999809265137,6.800000190734863,3036000,0,0,0.03186646939067295,0.5666666825612384,7.913000082969665,9.478614052476448,6.347386113462881,7.68499994277954,7.954999923706055,8.837499856948853,10.922499895095825,5.179999828338623
2022-02-25,6.800000190734863,7.010000228881836,6.369999885559082,6.420000076293945,1923700,0,0,-0.055882368203264976,0.5350000063578286,7.888000082969666,9.53114987840311,6.244850287536221,7.659999847412109,7.954999923706055,8.732499837875366,10.792499780654907,5.400000095367432
2022-02-28,6.340000152587891,6.570000171661377,6.320000171661377,6.449999809265137,1321900,0,0,0.004672855547457999,0.5374999841054279,7.8610000848770145,9.579151202713378,6.14284896704065,7.634999752044679,7.954999923706055,8.732499837875366,10.792499780654907,4.809999942779541
2022-03-01,6.409999847412109,6.699999809265137,6.349999904632568,6.400000095367432,931500,0,0,-0.007751893856784764,0.5333333412806192,7.797000098228454,9.630148655270409,5.9638515411865,7.634999752044679,7.954999923706055,8.704999923706055,10.764999866485596,4.800000190734863
2022-03-02,6.409999847412109,6.485000133514404,6.050000190734863,6.360000133514404,677300,0,0,-0.006249993946403354,0.5300000111262002,7.722000098228454,9.659627461850093,5.784372734606817,7.425000190734863,7.880000114440918,8.457499980926514,10.044999837875366,4.829999923706055
2022-03-03,6.369999885559082,6.400000095367432,5.900000095367432,6.119999885559082,652400,0,0,-0.03773588725110655,0.5099999904632567,7.6400000810623165,9.700538213840701,5.5794619482839325,7.06499981880188,7.805000066757202,8.25,9.805000066757202,4.869999885559082
2022-03-04,6.050000190734863,6.070000171661377,5.539999961853027,5.800000190734863,845000,0,0,-0.05228753281177323,0.48333334922790516,7.546500086784363,9.758923240809967,5.33407693275876,6.447499990463257,7.625,8.035000085830688,9.269999742507935,4.820000171661377
2022-03-07,5.800000190734863,6.114999771118164,5.789999961853027,5.869999885559082,1921200,0,0,0.012068912503837348,0.4891666571299234,7.443000078201294,9.764308995326079,5.121691161076509,6.297499895095825,7.625,7.980000019073486,9.269999742507935,4.800000190734863
2022-03-08,5.860000133514404,6.0,5.769999980926514,5.789999961853027,1851500,0,0,-0.013628607370651635,0.4824999968210855,7.3300000667572025,9.7413913267635,4.918608806750905,6.275000095367432,7.625,7.917500257492065,9.234999895095825,5.039999961853027
2022-03-09,5.920000076293945,6.519999980926514,5.920000076293945,6.449999809265137,1009100,0,0,0.11398961170301702,0.537499984105428,7.23100004196167,9.615764361384059,4.84623572253928,6.275000095367432,7.625,7.917500257492065,9.234999895095825,5.079999923706055
2022-03-10,6.28000020980835,6.510000228881836,6.210000038146973,6.329999923706055,628000,0,0,-0.018604633970175866,0.5274999936421711,7.097500038146973,9.366077844746409,4.828922231547537,6.119999885559082,7.625,7.917500257492065,9.234999895095825,4.96999979019165
2022-03-11,6.349999904632568,6.590000152587891,6.150000095367432,6.199999809265137,890400,0,0,-0.02053714312919075,0.5166666507720946,6.9475000381469725,9.027054156638284,4.867945919655661,6.119999885559082,7.625,7.788750052452087,9.234999895095825,5.199999809265137
2022-03-14,6.21999979019165,6.449999809265137,5.929999828338623,6.010000228881836,1223700,0,0,-0.030645094552965935,0.5008333524068196,6.814000034332276,8.769325622301434,4.858674446363119,6.065000057220459,7.625,7.7812501192092896,9.234999895095825,
2022-03-15,6.010000228881836,6.269999980926514,6.0,6.230000019073486,699700,0,0,0.036605620933991556,0.5191666682561238,6.690000033378601,8.451602947161147,4.928397119596054,6.065000057220459,7.625,7.7812501192092896,9.234999895095825,
2022-03-16,6.329999923706055,6.480000019073486,6.210000038146973,6.369999885559082,1630600,0,0,0.022471888612677127,0.5308333237965901,6.561000037193298,7.983657269085699,5.138342805300898,6.065000057220459,7.625,7.832500219345093,9.234999895095825,
2022-03-17,6.25,6.730000019073486,6.150000095367432,6.639999866485596,1976600,0,0,0.04238618301055386,0.5533333222071329,6.4670000076293945,7.568610409503851,5.365389605754938,6.25,7.625,7.832499980926514,9.234999895095825,
2022-03-18,6.550000190734863,7.105000019073486,6.429999828338623,7.010000228881836,2419700,0,0,0.05572294726446625,0.584166685740153,6.408500003814697,7.224602509679801,5.592397497949593,6.4375,7.625,7.927500247955322,9.234999895095825,
2022-03-21,6.940000057220459,7.46999979019165,6.889999866485596,7.190000057220459,2079800,0,0,0.025677578097217157,0.5991666714350382,6.395000004768372,7.146811636368976,5.643188373167768,6.694999933242798,7.355000019073485,8.136000037193298,9.234999895095825,
2022-03-22,7.179999828338623,7.21999979019165,6.78000020980835,6.96999979019165,2137500,0,0,-0.03059808974658862,0.5808333158493041,6.4,7.165734616304882,5.634265383695118,6.699999809265137,7.329999923706055,8.355000019073486,9.234999895095825,
2022-03-23,6.860000133514404,6.960000038146973,6.409999847412109,6.429999828338623,582600,0,0,-0.07747488925507973,0.5358333190282185,6.391999983787537,7.1529031417206,5.631096825854474,6.699999809265137,7.304999828338624,8.355000019073486,9.234999895095825,
2022-03-24,6.400000095367432,6.440000057220459,6.110000133514404,6.300000190734863,836900,0,0,-0.02021767357299431,0.5250000158945719,6.366999983787537,7.104902598396523,5.629097369178551,6.699999809265137,7.304999828338624,8.355000019073486,9.234999895095825,
2022-03-25,5.5,5.989999771118164,5.489999771118164,5.510000228881836,3280300,0,0,-0.1253968155453148,0.45916668574015296,6.321499991416931,7.1485782440037084,5.4944217388301535,6.479999780654907,7.144999980926514,8.367500066757202,9.234999895095825,
2022-03-28,5.5,5.800000190734863,5.489999771118164,5.789999961853027,1291600,0,0,0.050816646341231175,0.4824999968210855,6.2884999990463255,7.144907100389533,5.432092897703118,6.479999780654907,6.859999656677246,8.445000052452087,9.234999895095825,
2022-03-29,5.78000020980835,6.099999904632568,5.75,5.929999828338623,1929300,0,0,0.02417959713436524,0.4941666523615519,6.264999985694885,7.133718659582587,5.396281311807184,6.479999780654907,6.479999780654907,8.338000059127808,9.234999895095825,
2022-03-30,5.840000152587891,5.8480000495910645,5.5,5.510000228881836,1455800,0,0,-0.0708262414190417,0.45916668574015296,6.222499990463257,7.150291053189727,5.294708927736788,6.479999780654907,6.479999780654907,8.175000071525574,9.234999895095825,
2022-03-31,5.53000020980835,5.619999885559082,5.005000114440918,5.059999942779541,782300,0,0,-0.08166974000173777,0.42166666189829505,6.16949999332428,7.2280618176881415,5.110938168960418,6.237499952316284,6.237499952316284,8.12500011920929,9.234999895095825,
2022-04-01,5.099999904632568,5.239999771118164,4.940000057220459,5.179999828338623,1172700,0,0,0.023715392671163515,0.4316666523615519,6.138499975204468,7.272972518734353,5.004027431674583,6.079999923706055,6.204999923706055,7.819999933242798,9.069999694824219,
2022-04-04,5.159999847412109,5.585000038146973,5.159999847412109,5.400000095367432,1013900,0,0,0.04247109542846639,0.45000000794728595,6.114999985694885,7.289942104125435,4.9400578672643345,5.950000047683716,6.204999923706055,7.807499885559082,9.069999694824219,
2022-04-05,5.349999904632568,5.349999904632568,4.679999828338623,4.809999942779541,2693200,0,0,-0.10925928558668763,0.40083332856496173,6.065999984741211,7.367444308381164,4.764555661101258,5.559999942779541,6.074999809265137,7.794999837875366,9.069999694824219,
2022-04-06,4.690000057220459,4.820000171661377,4.570000171661377,4.800000190734863,1227800,0,0,-0.0020789505537704978,0.40000001589457196,5.983500003814697,7.383671622224155,4.583328385405239,5.335000038146973,6.019999980926514,7.794999837875366,9.069999694824219,
2022-04-07,4.800000190734863,4.909999847412109,4.639999866485596,4.829999923706055,795800,0,0,0.006249944120647832,0.40249999364217126,5.908500003814697,7.385823479461109,4.431176528168285,5.335000038146973,6.019999980926514,7.652500152587891,8.950000286102295,
2022-04-08,4.789999961853027,5.014999866485596,4.510000228881836,4.869999885559082,1055500,0,0,0.008281565731855123,0.40583332379659015,5.8420000076293945,7.380011497294408,4.303988517964381,5.305000066757202,5.990000009536743,7.434999942779541,8.460000276565552,
2022-04-11,4.769999980926514,4.889999866485596,4.590000152587891,4.820000171661377,804100,0,0,-0.010266881945103945,0.40166668097178143,5.782500004768371,7.381449756006864,4.183550253529878,5.17900013923645,5.990000009536743,7.036249995231628,8.070000171661377,
2022-04-12,4.900000095367432,5.119999885559082,4.75,4.800000190734863,1188700,0,0,-0.004149373488428698,0.40000001589457196,5.71100001335144,7.351320844646526,4.070679182056354,5.065000057220459,5.990000009536743,6.961249947547913,8.070000171661377,
2022-04-13,4.800000190734863,5.050000190734863,4.670000076293945,5.039999961853027,687800,0,0,0.04999995032946458,0.4199999968210856,5.644500017166138,7.280347435374988,4.008652598957287,5.047500133514404,5.990000009536743,6.950000047683716,8.070000171661377,
2022-04-14,5.050000190734863,5.130000114440918,4.940000057220459,5.079999923706055,895100,0,0,0.007936500427734305,0.4233333269755045,5.566500020027161,7.152517147858171,3.980482892196151,5.047500133514404,5.990000009536743,6.950000047683716,8.070000171661377,
2022-04-18,5.019999980926514,5.159999847412109,4.849999904632568,4.96999979019165,495600,0,0,-0.021653569914653614,0.4141666491826375,5.464499998092651,6.9219016283001125,4.00709836788519,4.930000066757202,5.990000009536743,6.872499942779541,8.070000171661377,
2022-04-19,5.0,5.260000228881836,4.860000133514404,5.199999809265137,835200,0,0,0.04627767178730946,0.43333331743876136,5.364999985694885,6.588168535022007,4.141831436367763,4.885000228881836,5.990000009536743,6.872499942779541,7.824999809265137,
